{"stats":{"minecraft:used":{"minecraft:stone_sword":6,"minecraft:birch_planks":24,"minecraft:bread":10,"apexguns:r301":117,"minecraft:wooden_pickaxe":5,"minecraft:shield":1,"minecraft:golden_apple":1,"minecraft:stone_axe":30,"minecraft:wooden_sword":48,"minecraft:dirt":4,"minecraft:cobblestone":25,"minecraft:crafting_table":1,"bunker_down:brittle_pickaxe":6,"minecraft:potato":7,"minecraft:light_gray_bed":1},"minecraft:custom":{"minecraft:time_since_rest":31861,"minecraft:sprint_one_cm":27785,"minecraft:damage_absorbed":40,"minecraft:damage_taken":1875,"minecraft:walk_one_cm":48827,"minecraft:damage_blocked_by_shield":40,"minecraft:mob_kills":27,"minecraft:drop":8,"minecraft:damage_dealt":3581,"minecraft:damage_dealt_absorbed":120,"minecraft:swim_one_cm":35421,"minecraft:interact_with_crafting_table":4,"minecraft:fly_one_cm":72204,"minecraft:open_chest":1,"minecraft:crouch_one_cm":5795,"minecraft:play_time":52965,"minecraft:deaths":5,"minecraft:sneak_time":2122,"minecraft:walk_under_water_one_cm":23424,"minecraft:damage_dealt_resisted":403,"minecraft:jump":309,"minecraft:leave_game":1,"minecraft:time_since_death":31832,"minecraft:walk_on_water_one_cm":23338,"minecraft:total_world_time":52965,"minecraft:climb_one_cm":3521,"minecraft:fall_one_cm":3166},"minecraft:dropped":{"minecraft:shield":2,"ava:beretta_92fs_barbatos":1,"minecraft:birch_sapling":1,"minecraft:cobblestone":1,"minecraft:spider_eye":1,"minecraft:string":3,"minecraft:golden_apple":16},"minecraft:crafted":{"minecraft:birch_boat":1,"minecraft:stick":16,"minecraft:wooden_pickaxe":1,"minecraft:stone_pickaxe":1,"minecraft:wooden_axe":1,"minecraft:stone_sword":1,"minecraft:birch_planks":136,"minecraft:stone_axe":2},"minecraft:mined":{"minecraft:seagrass":1,"minecraft:birch_log":36,"minecraft:stripped_birch_log":1,"minecraft:birch_leaves":5,"minecraft:crafting_table":2,"minecraft:grass_block":1,"minecraft:light_gray_bed":2,"minecraft:dirt":3,"minecraft:cobblestone":10},"minecraft:killed":{"minecraft:sheep":1,"minecraft:skeleton":2,"minecraft:zombie":8,"hordes:zombie_player":1,"minecraft:spider":7,"minecraft:drowned":3,"minecraft:creeper":5},"minecraft:picked_up":{"minecraft:birch_log":33,"minecraft:crafting_table":2,"sophisticatedbackpacks:backpack":1,"minecraft:birch_planks":4,"minecraft:stripped_birch_log":1,"minecraft:arrow":2,"minecraft:gunpowder":4,"minecraft:shield":1,"minecraft:dirt":4,"minecraft:spider_eye":1,"minecraft:string":6,"minecraft:bone":1,"minecraft:light_gray_bed":2,"minecraft:rotten_flesh":9,"hunting_delight:broken_bone":59,"minecraft:bread":32,"sophisticatedbackpacks:copper_backpack":1,"minecraft:birch_sapling":1,"minecraft:cobblestone":12},"minecraft:killed_by":{"minecraft:drowned":2,"minecraft:skeleton":1}},"DataVersion":3120}