{"stats":{"minecraft:dropped":{"farmersdelight:tomato_seeds":15,"minecraft:water_bucket":1,"minecraft:enchanted_book":2,"minecraft:iron_ingot":13,"minecraft:bread":1,"minecraft:birch_planks":3,"ars_nouveau:pierce_arrow":51,"silentgems:carnelian":4,"minecraft:lapis_lazuli":15,"minecraft:oak_log":10,"minecraft:diamond":1,"silentgems:garnet":5,"minecraft:golden_horse_armor":1,"minecraft:prismarine_shard":2,"minecraft:oak_fence":2,"minecraft:cobblestone":25,"minecraft:apple":2,"minecraft:granite":12,"minecraft:iron_horse_armor":1,"silentgems:onyx":4,"oneblock:obanalyzer":1,"minecraft:saddle":1,"minecraft:rail":20,"minecraft:coal":32,"minecraft:golden_apple":1,"farmersdelight:rice":4,"minecraft:stick":5,"minecraft:music_disc_13":1,"ars_nouveau:mana_gem":1,"silentgems:benitoite":4,"minecraft:dirt":38,"minecraft:dark_oak_log":6,"tconstruct:hand_axe":2,"minecraft:diorite":12,"minecraft:ink_sac":4,"minecraft:torch":40,"tconstruct:sky_slime_grass_seeds":2,"minecraft:potion":3,"gravestone:obituary":13,"minecraft:gold_nugget":3,"silentgems:heliodor":3,"minecraft:pumpkin":9,"minecraft:sand":2,"minecraft:string":15,"minecraft:birch_log":1,"minecraft:bucket":1,"silentgems:ametrine":4,"quark:ancient_tome":2,"ars_nouveau:wilden_wing":3,"ars_nouveau:caster_tome":2,"minecraft:bone":39,"minecraft:gold_ingot":5,"minecraft:redstone":26,"minecraft:blue_terracotta":1,"minecraft:gravel":8,"tconstruct:pickaxe":1,"silentgems:ender_crystal":2,"silentgems:zircon":3,"astralsorcery:aquamarine":9,"silentgems:iolite":4,"ars_nouveau:mana_berry":2,"minecraft:detector_rail":2,"botania:pebble":3,"tconstruct:blank_sand_cast":4,"tconstruct:earth_slime_grass_seeds":2,"tconstruct:sky_slime_sapling":1,"minecraft:wheat":11,"silentgems:corrupting_powder":5,"farmersdelight:cabbage_seeds":21,"minecraft:rotten_flesh":18,"minecraft:clay_ball":36,"minecraft:oak_planks":1,"minecraft:prismarine":6,"minecraft:name_tag":1,"botania:manasteel_ingot":6,"minecraft:pumpkin_seeds":9,"minecraft:stone":193,"minecraft:tipped_arrow":4,"minecraft:gray_terracotta":2,"silentgems:agate":4,"silentgems:sapphire":5,"minecraft:gunpowder":10,"botania:lexicon":2,"minecraft:spruce_planks":1,"minecraft:melon_seeds":14,"mysticalagriculture:inferium_essence":6,"minecraft:beetroot_seeds":3,"minecraft:andesite":10,"silentgems:phosphophyllite":3,"quark:blank_rune":1,"silentgems:malachite":5,"ars_nouveau:drygmy_shard":1,"minecraft:chest":5,"ars_nouveau:carbuncle_shards":2,"farmersdelight:rope":56,"minecraft:spruce_log":5,"minecraft:iron_ore":6,"minecraft:arrow":7,"minecraft:powered_rail":3,"minecraft:white_concrete_powder":4,"ars_nouveau:amplify_arrow":49,"botania:black_lotus":4,"silentgems:purifying_powder":1,"ars_nouveau:wixie_shards":1},"minecraft:mined":{"minecraft:diamond_ore":1,"quark:orange_blossom_leaves":1,"minecraft:dark_oak_leaves":4,"minecraft:jungle_leaves":1,"minecraft:dark_oak_log":9,"quark:blue_blossom_leaves":3,"gravestone:gravestone":10,"minecraft:granite":41,"minecraft:grass_block":67,"minecraft:spruce_leaves":6,"minecraft:birch_slab":1,"minecraft:acacia_slab":1,"minecraft:white_concrete_powder":8,"minecraft:redstone_ore":4,"quark:pink_blossom_leaves":1,"minecraft:iron_ore":28,"minecraft:andesite":30,"minecraft:pumpkin":21,"minecraft:cobblestone_slab":3,"minecraft:packed_ice":19,"minecraft:stone":78,"quark:red_blossom_leaves":2,"minecraft:spruce_slab":1,"minecraft:podzol":44,"minecraft:oak_slab":3,"minecraft:gray_terracotta":8,"minecraft:acacia_leaves":1,"minecraft:oak_fence":19,"minecraft:clay":32,"minecraft:crafting_table":2,"minecraft:melon":20,"minecraft:chest":15,"minecraft:andesite_slab":2,"minecraft:cobblestone":2,"minecraft:lapis_ore":1,"minecraft:prismarine":11,"minecraft:diorite":52,"minecraft:birch_planks":4,"minecraft:blue_terracotta":1,"minecraft:dark_oak_slab":1,"minecraft:birch_log":9,"minecraft:ice":14,"minecraft:spruce_log":9,"minecraft:birch_leaves":2,"minecraft:oak_log":23,"minecraft:coal_ore":26,"minecraft:gravel":39,"minecraft:sand":5,"minecraft:dirt":48,"minecraft:oak_leaves":6,"minecraft:birch_fence":8},"minecraft:killed":{"minecraft:spider":8,"minecraft:guardian":1,"minecraft:wolf":1,"minecraft:squid":2,"minecraft:polar_bear":3,"minecraft:zombie":6,"minecraft:stray":13,"minecraft:cow":1},"minecraft:used":{"minecraft:oak_fence":29,"minecraft:spruce_slab":6,"minecraft:chest":10,"minecraft:spruce_planks":5,"minecraft:shield":11,"minecraft:stone":1,"minecraft:wooden_shovel":3,"minecraft:torch":4,"minecraft:dirt":59,"minecraft:spruce_fence":3,"minecraft:wooden_axe":32,"oneblock:obanalyzer":2,"minecraft:acacia_slab":11,"carryon:entity_item":59,"minecraft:dark_oak_slab":22,"carryon:tile_item":13,"minecraft:bow":1,"farmersdelight:cooking_pot":3,"minecraft:water_bucket":49,"minecraft:diorite":2,"minecraft:birch_planks":4,"minecraft:stone_pickaxe":27,"minecraft:andesite_slab":8,"minecraft:wooden_pickaxe":7,"minecraft:cobblestone_slab":34,"minecraft:golden_apple":3,"minecraft:oak_slab":134,"minecraft:crafting_table":3,"minecraft:mushroom_stew":1,"minecraft:white_bed":2,"minecraft:birch_fence":32,"tconstruct:seared_table":1,"minecraft:birch_slab":125,"minecraft:melon_slice":52,"minecraft:bread":2,"botania:orechid":1,"minecraft:iron_pickaxe":268,"minecraft:gravel":1,"minecraft:stone_axe":88,"minecraft:cobblestone":4,"minecraft:andesite":3,"minecraft:bucket":51},"minecraft:broken":{"minecraft:iron_pickaxe":1},"minecraft:killed_by":{"minecraft:wolf":1,"minecraft:creeper":1,"minecraft:polar_bear":1,"minecraft:zombie":1,"minecraft:elder_guardian":7},"minecraft:custom":{"minecraft:mob_kills":33,"minecraft:interact_with_crafting_table":19,"minecraft:leave_game":2,"minecraft:time_since_death":6785,"minecraft:sprint_one_cm":89752,"minecraft:walk_one_cm":216840,"minecraft:damage_blocked_by_shield":620,"minecraft:drop":249,"minecraft:damage_dealt_absorbed":523,"minecraft:deaths":11,"minecraft:sneak_time":32392,"minecraft:jump":676,"minecraft:walk_on_water_one_cm":12745,"minecraft:interact_with_furnace":21,"minecraft:play_one_minute":134787,"minecraft:sleep_in_bed":1,"minecraft:time_since_rest":6813,"minecraft:damage_taken":4671,"minecraft:damage_absorbed":110,"minecraft:damage_dealt":6182,"minecraft:fly_one_cm":64747,"minecraft:open_chest":265,"minecraft:crouch_one_cm":62886,"minecraft:fall_one_cm":36372},"minecraft:picked_up":{"silentgear:rod_blueprint":1,"minecraft:crafting_table":2,"minecraft:wheat":2,"minecraft:chicken":2,"minecraft:clay_ball":156,"minecraft:prismarine_shard":2,"silentgear:shield_blueprint":2,"silentgear:pickaxe_blueprint":1,"minecraft:potion":1,"gravestone:obituary":2,"minecraft:shield":3,"silentgear:sinew":1,"minecraft:string":10,"tconstruct:hand_axe":2,"minecraft:birch_fence":14,"silentgems:agate":4,"mysticalagriculture:inferium_essence":13,"minecraft:bucket":2,"minecraft:spruce_planks":2,"minecraft:beef":5,"minecraft:cobblestone_slab":4,"minecraft:wooden_shovel":1,"minecraft:spruce_slab":2,"minecraft:melon_slice":106,"minecraft:chest":14,"silentgems:zircon":3,"farmersdelight:cabbage_seeds":5,"minecraft:egg":6,"silentgems:soul_gem":1,"minecraft:tipped_arrow":7,"minecraft:stone":193,"minecraft:oak_fence":27,"minecraft:torch":18,"minecraft:bowl":4,"tconstruct:pickaxe":2,"minecraft:spruce_fence":3,"minecraft:diorite":43,"minecraft:redstone":19,"minecraft:iron_horse_armor":1,"quark:ancient_tome":1,"minecraft:arrow":15,"minecraft:rotten_flesh":8,"oneblock:obmaker":1,"silentgear:axe_blueprint":2,"farmersdelight:rope":6,"silentgear:shovel_blueprint":1,"minecraft:mutton":3,"minecraft:rail":5,"ars_nouveau:carbuncle_shards":1,"silentgear:knife_blueprint":1,"minecraft:white_wool":6,"minecraft:cobblestone":81,"minecraft:birch_log":22,"oneblock:obanalyzer":2,"farmersdelight:rice":2,"minecraft:feather":2,"minecraft:salmon":4,"minecraft:birch_slab":1,"minecraft:andesite":27,"minecraft:leather":6,"minecraft:birch_planks":3,"minecraft:flint":8,"minecraft:oak_log":25,"astralsorcery:aquamarine":4,"minecraft:lapis_lazuli":7,"minecraft:gunpowder":2,"botania:pebble":2,"minecraft:dirt":160,"quark:blank_rune":1,"minecraft:bone":19,"minecraft:acacia_planks":2,"minecraft:bow":1,"minecraft:gray_terracotta":4,"minecraft:rabbit_hide":1,"minecraft:iron_ingot":12,"minecraft:iron_ore":25,"minecraft:rabbit":1,"minecraft:powered_rail":2,"minecraft:prismarine":8,"minecraft:oak_planks":1,"minecraft:oak_slab":3,"minecraft:dark_oak_slab":5,"minecraft:pumpkin":24,"minecraft:gravel":34,"minecraft:sand":9,"minecraft:ink_sac":5,"minecraft:spruce_log":12,"minecraft:spider_eye":4,"minecraft:dark_oak_log":8,"minecraft:blue_terracotta":1,"minecraft:white_concrete_powder":13,"minecraft:diamond":1,"minecraft:granite":44,"silentgear:sword_blueprint":2,"minecraft:golden_apple":2,"minecraft:black_wool":1,"minecraft:melon_seeds":7,"minecraft:acacia_slab":2,"minecraft:coal":17,"minecraft:andesite_slab":2,"ars_nouveau:mana_berry":2},"minecraft:crafted":{"minecraft:stone":7,"tconstruct:seared_table":1,"tconstruct:seared_brick":10,"tconstruct:blank_sand_cast":8,"minecraft:air":589,"minecraft:iron_pickaxe":1,"minecraft:stick":4,"minecraft:iron_ingot":46,"tconstruct:grout":8}},"DataVersion":2586}