{"stats":{"minecraft:crafted":{"minecraft:oak_planks":220,"minecraft:stone_shovel":2,"minecraft:barrel":7,"minecraft:tripwire_hook":4,"minecraft:iron_nugget":54,"minecraft:furnace":4,"minecraft:lever":2,"travelersbackpack:blank_upgrade":4,"minecraft:cooked_mutton":5,"minecraft:oak_trapdoor":6,"minecraft:glass":73,"minecraft:hopper":6,"minecraft:iron_boots":1,"create:mechanical_press":1,"minecraft:iron_axe":1,"minecraft:ladder":3,"minecraft:stone_pickaxe":2,"minecraft:chest":17,"minecraft:birch_door":27,"minecraft:oak_fence":3,"minecraft:cooked_beef":19,"minecraft:red_dye":4,"create:depot":1,"minecraft:oak_slab":12,"create:andesite_alloy":10,"travelersbackpack:iron_tier_upgrade":1,"minecraft:emerald":48,"minecraft:cooked_porkchop":1,"minecraft:crafting_table":3,"minecraft:acacia_slab":6,"travelersbackpack:backpack_tank":6,"minecraft:dried_kelp":64,"minecraft:wooden_pickaxe":1,"minecraft:iron_helmet":1,"travelersbackpack:standard":2,"minecraft:iron_sword":1,"minecraft:red_wool":4,"minecraft:copper_ingot":36,"minecraft:bucket":1,"minecraft:birch_planks":364,"minecraft:stone_axe":1,"minecraft:air":0,"travelersbackpack:red_sleeping_bag":2,"minecraft:oak_fence_gate":9,"minecraft:iron_chestplate":1,"minecraft:white_wool":1,"create:water_wheel":5,"minecraft:shield":1,"minecraft:stick":64,"minecraft:iron_ingot":84,"minecraft:iron_pickaxe":3,"minecraft:wooden_axe":1,"minecraft:birch_trapdoor":2,"minecraft:iron_block":1,"minecraft:iron_leggings":1,"minecraft:iron_shovel":1,"minecraft:gold_ingot":8,"minecraft:white_bed":1,"create:shaft":8,"minecraft:acacia_planks":24,"minecraft:torch":92,"create:zinc_ingot":5,"minecraft:shears":1},"minecraft:mined":{"create:zinc_ore":25,"minecraft:large_amethyst_bud":1,"minecraft:tuff":1,"minecraft:white_bed":1,"create:copper_casing":1,"minecraft:mossy_cobblestone":1,"create:andesite_casing":6,"farmersdelight:wild_carrots":5,"expandeddelight:wild_peanuts":1,"minecraft:granite":24,"minecraft:budding_amethyst":2,"minecraft:acacia_log":6,"minecraft:grass_block":35,"create:depot":1,"minecraft:acacia_slab":2,"minecraft:hopper":5,"minecraft:spawner":1,"minecraft:hay_block":3,"minecraft:oak_trapdoor":6,"minecraft:furnace":8,"minecraft:iron_ore":64,"minecraft:barrel":9,"minecraft:cobbled_deepslate":1,"minecraft:andesite":19,"expandeddelight:salt_ore":5,"minecraft:deepslate_lapis_ore":5,"minecraft:deepslate_iron_ore":19,"minecraft:small_amethyst_bud":1,"minecraft:stone":283,"create:mechanical_press":2,"minecraft:tripwire":3,"minecraft:deepslate_redstone_ore":5,"minecraft:medium_amethyst_bud":1,"minecraft:amethyst_cluster":2,"minecraft:crafting_table":9,"minecraft:torch":5,"minecraft:calcite":8,"minecraft:chest":2,"minecraft:rose_bush":3,"create:water_wheel":13,"minecraft:cobblestone":66,"minecraft:glass":12,"minecraft:copper_ore":24,"minecraft:tall_grass":1,"minecraft:deepslate_gold_ore":8,"minecraft:oak_planks":21,"minecraft:sugar_cane":14,"minecraft:diorite":34,"minecraft:wall_torch":2,"minecraft:amethyst_block":19,"minecraft:birch_planks":1,"minecraft:birch_log":43,"minecraft:birch_leaves":4,"minecraft:birch_door":9,"minecraft:grass":35,"minecraft:coal_ore":111,"minecraft:oak_log":55,"minecraft:oak_fence_gate":7,"minecraft:gravel":34,"minecraft:sand":183,"minecraft:dirt":33,"minecraft:smooth_basalt":6,"minecraft:tripwire_hook":1,"minecraft:oak_leaves":2,"minecraft:deepslate":19},"minecraft:picked_up":{"minecraft:birch_door":11,"minecraft:crafting_table":9,"minecraft:amethyst_block":19,"expandeddelight:peanut":1,"minecraft:string":7824,"minecraft:oak_trapdoor":6,"minecraft:raw_copper":83,"create:water_wheel":13,"create:mechanical_press":2,"minecraft:cobbled_deepslate":37,"minecraft:beef":30,"minecraft:rose_bush":3,"minecraft:calcite":8,"minecraft:poppy":3,"minecraft:sugar_cane":20,"minecraft:chest":2,"minecraft:birch_sapling":6,"minecraft:furnace":8,"minecraft:raw_iron":93,"minecraft:stick":48,"minecraft:oak_fence":3,"minecraft:torch":8,"minecraft:acacia_log":6,"create:andesite_casing":6,"minecraft:porkchop":9,"minecraft:dried_kelp":64,"minecraft:diorite":34,"minecraft:carrot":6,"minecraft:redstone":22,"minecraft:arrow":1,"minecraft:rotten_flesh":4,"create:copper_casing":1,"minecraft:hay_block":3,"create:depot":1,"minecraft:mutton":7,"minecraft:white_wool":9,"minecraft:cobblestone":461,"minecraft:birch_log":43,"expandeddelight:salt_rock":4,"minecraft:cooked_beef":10,"minecraft:andesite":19,"minecraft:leather":13,"minecraft:birch_planks":14,"minecraft:flint":1,"create:raw_zinc":25,"minecraft:tuff":2,"minecraft:oak_log":55,"minecraft:gunpowder":8,"minecraft:dirt":65,"minecraft:lapis_lazuli":31,"minecraft:glass":64,"minecraft:bone":1,"minecraft:wheat_seeds":16,"minecraft:raw_gold":8,"minecraft:iron_ingot":27,"minecraft:oak_fence_gate":6,"minecraft:oak_planks":21,"minecraft:acacia_sapling":2,"minecraft:smooth_basalt":12,"minecraft:cooked_porkchop":1,"minecraft:gravel":48,"minecraft:sand":183,"minecraft:amethyst_shard":8,"minecraft:white_bed":1,"minecraft:barrel":9,"minecraft:granite":24,"minecraft:oak_sapling":31,"minecraft:acacia_slab":2,"minecraft:melon_seeds":4,"minecraft:coal":227,"minecraft:hopper":5},"minecraft:killed_by":{"minecraft:iron_golem":2,"minecraft:skeleton":1},"minecraft:custom":{"minecraft:mob_kills":44,"minecraft:inspect_hopper":14,"minecraft:interact_with_crafting_table":54,"minecraft:open_barrel":2,"minecraft:leave_game":3,"minecraft:time_since_death":62469,"minecraft:climb_one_cm":2158,"minecraft:sprint_one_cm":256082,"minecraft:walk_one_cm":285650,"minecraft:damage_blocked_by_shield":300,"minecraft:drop":133,"minecraft:talked_to_villager":13,"minecraft:play_time":173908,"minecraft:deaths":3,"minecraft:sneak_time":6966,"minecraft:walk_under_water_one_cm":39898,"minecraft:jump":2447,"minecraft:interact_with_blast_furnace":4,"minecraft:walk_on_water_one_cm":76377,"minecraft:total_world_time":173908,"minecraft:interact_with_furnace":72,"minecraft:traded_with_villager":48,"minecraft:sleep_in_bed":10,"minecraft:time_since_rest":8227,"minecraft:damage_taken":1766,"minecraft:damage_dealt":8418,"minecraft:swim_one_cm":154221,"minecraft:fly_one_cm":368984,"minecraft:open_chest":115,"minecraft:crouch_one_cm":17850,"minecraft:fall_one_cm":56348},"minecraft:killed":{"minecraft:spider":5,"minecraft:skeleton":3,"minecraft:drowned":1,"minecraft:pig":4,"minecraft:iron_golem":3,"minecraft:creeper":1,"minecraft:sheep":5,"minecraft:zombie":5,"minecraft:cow":15},"minecraft:dropped":{"minecraft:oak_slab":2,"minecraft:porkchop":7,"minecraft:wheat_seeds":16,"minecraft:cooked_beef":5,"minecraft:oak_fence":3,"minecraft:cobblestone":113,"travelersbackpack:standard":1,"minecraft:coal":2,"minecraft:stick":6,"minecraft:dirt":13,"minecraft:mutton":2,"create:iron_sheet":1,"minecraft:string":4503,"minecraft:white_wool":1,"minecraft:sugar_cane":4,"minecraft:cobbled_deepslate":1,"minecraft:tuff":2,"minecraft:stone_shovel":1,"minecraft:rotten_flesh":2,"minecraft:oak_planks":2,"minecraft:poppy":1,"minecraft:hay_block":3,"minecraft:gunpowder":1,"minecraft:birch_door":4,"minecraft:acacia_sapling":2,"minecraft:oak_sapling":2,"minecraft:beef":11,"minecraft:stone_pickaxe":1},"minecraft:broken":{"minecraft:stone_pickaxe":1,"minecraft:stone_axe":1,"minecraft:iron_pickaxe":2,"minecraft:stone_shovel":1},"minecraft:used":{"minecraft:oak_fence":3,"minecraft:oak_trapdoor":9,"minecraft:rose_bush":1,"minecraft:iron_shovel":46,"minecraft:stone_shovel":156,"minecraft:ladder":3,"minecraft:poppy":2,"minecraft:chest":10,"minecraft:shield":7,"minecraft:iron_sword":97,"minecraft:torch":59,"minecraft:dirt":43,"minecraft:hopper":11,"create:depot":1,"minecraft:oak_fence_gate":15,"minecraft:birch_door":26,"minecraft:glass":37,"minecraft:wooden_axe":42,"minecraft:iron_axe":81,"minecraft:birch_sapling":6,"minecraft:acacia_slab":2,"minecraft:barrel":16,"minecraft:smooth_basalt":6,"minecraft:birch_trapdoor":2,"minecraft:tripwire_hook":5,"minecraft:furnace":13,"minecraft:oak_sapling":29,"minecraft:cooked_beef":9,"minecraft:cobbled_deepslate":19,"minecraft:cooked_mutton":5,"minecraft:water_bucket":27,"minecraft:birch_planks":3,"minecraft:stone_pickaxe":149,"minecraft:oak_planks":73,"minecraft:wooden_pickaxe":14,"minecraft:sugar_cane":4,"minecraft:sand":4,"minecraft:oak_slab":2,"minecraft:crafting_table":12,"minecraft:white_bed":2,"minecraft:shears":4,"minecraft:lever":2,"create:mechanical_press":2,"minecraft:string":13,"minecraft:iron_pickaxe":664,"create:water_wheel":13,"create:andesite_casing":3,"minecraft:stone_axe":125,"minecraft:cobblestone":179,"travelersbackpack:standard":9,"minecraft:cooked_porkchop":2,"minecraft:bucket":28,"minecraft:birch_log":4}},"DataVersion":3465}