{"stats":{"minecraft:used":{"minecraft:stone_sword":6,"minecraft:birch_planks":9,"apexguns:r301":117,"minecraft:stone_axe":5,"minecraft:dirt":3,"minecraft:cobblestone":24,"minecraft:crafting_table":1,"bunker_down:brittle_pickaxe":6,"minecraft:potato":7,"minecraft:light_gray_bed":1},"minecraft:custom":{"minecraft:time_since_rest":14130,"minecraft:sprint_one_cm":8615,"minecraft:damage_taken":1085,"minecraft:walk_one_cm":24010,"minecraft:mob_kills":16,"minecraft:drop":6,"minecraft:damage_dealt":528,"minecraft:swim_one_cm":8956,"minecraft:interact_with_crafting_table":1,"minecraft:fly_one_cm":43869,"minecraft:open_chest":1,"minecraft:crouch_one_cm":1768,"minecraft:play_time":35234,"minecraft:sneak_time":820,"minecraft:deaths":5,"minecraft:walk_under_water_one_cm":8888,"minecraft:jump":129,"minecraft:leave_game":1,"minecraft:time_since_death":14101,"minecraft:walk_on_water_one_cm":10866,"minecraft:total_world_time":35234,"minecraft:climb_one_cm":3521,"minecraft:fall_one_cm":1163},"minecraft:dropped":{"minecraft:shield":2,"minecraft:birch_sapling":1,"minecraft:cobblestone":1,"minecraft:spider_eye":1,"minecraft:string":3},"minecraft:crafted":{"minecraft:stick":8,"minecraft:stone_sword":1,"minecraft:birch_planks":20,"minecraft:stone_axe":1},"minecraft:mined":{"minecraft:birch_log":6,"minecraft:birch_leaves":2,"minecraft:crafting_table":1,"minecraft:dirt":3,"minecraft:light_gray_bed":2,"minecraft:cobblestone":5},"minecraft:killed":{"minecraft:skeleton":1,"minecraft:zombie":4,"hordes:zombie_player":1,"minecraft:spider":6,"minecraft:drowned":2,"minecraft:creeper":1},"minecraft:picked_up":{"minecraft:birch_log":5,"minecraft:crafting_table":1,"minecraft:birch_planks":4,"minecraft:shield":1,"minecraft:string":6,"minecraft:spider_eye":1,"minecraft:dirt":3,"minecraft:light_gray_bed":2,"minecraft:rotten_flesh":2,"hunting_delight:broken_bone":34,"minecraft:birch_sapling":1,"minecraft:cobblestone":5},"minecraft:killed_by":{"minecraft:drowned":2,"minecraft:skeleton":1}},"DataVersion":3120}