{"stats":{"minecraft:broken":{"minecraft:iron_shovel":1,"minecraft:stone_pickaxe":1,"minecraft:stone_axe":1,"minecraft:stone_shovel":1,"minecraft:iron_hoe":1,"minecraft:iron_axe":1,"minecraft:iron_pickaxe":3},"minecraft:picked_up":{"minecraft:birch_door":11,"minecraft:wheat":246,"create:mechanical_crafter":27,"minecraft:smithing_table":1,"minecraft:brewing_stand":1,"minecraft:amethyst_block":19,"expandeddelight:peanut":9,"minecraft:soul_soil":10,"minecraft:string":8009,"betternether:blue_obsidian":6,"minecraft:raw_copper":83,"create:water_wheel":18,"minecraft:gold_nugget":8,"create:mechanical_press":2,"minecraft:cobbled_deepslate":57,"minecraft:red_dye":56,"minecraft:rose_bush":3,"minecraft:calcite":8,"minecraft:melon_slice":54,"minecraft:furnace":17,"minecraft:stick":57,"create:mechanical_mixer":2,"minecraft:composter":3,"minecraft:oak_fence":3,"create:andesite_casing":7,"minecraft:torch":10,"minecraft:acacia_log":49,"minecraft:porkchop":9,"minecraft:dried_kelp":128,"minecraft:diorite":37,"betternether:cincinnasite":7,"betternether:lapis_pile":14,"create:large_cogwheel":3,"minecraft:rotten_flesh":14,"create:copper_casing":1,"minecraft:obsidian":10,"minecraft:cobblestone":563,"minecraft:birch_log":43,"minecraft:magma_block":4,"expandeddelight:salt_rock":4,"minecraft:cooked_beef":10,"minecraft:andesite":26,"minecraft:flint":2,"minecraft:tuff":14,"create:raw_zinc":67,"minecraft:lapis_lazuli":62,"minecraft:dirt":366,"minecraft:bone":14,"minecraft:glass":65,"minecraft:acacia_planks":37,"betternether:geyser":1,"minecraft:wheat_seeds":741,"minecraft:raw_gold":45,"create:goggles":1,"create:shaft":7,"minecraft:glowstone_dust":2,"minecraft:oak_planks":29,"minecraft:cooked_porkchop":1,"create:cogwheel":19,"minecraft:sand":219,"minecraft:barrel":24,"minecraft:diamond":5,"minecraft:granite":24,"minecraft:bone_meal":7,"minecraft:oak_sapling":35,"minecraft:netherrack":141,"create:white_sail":5,"minecraft:charcoal":4,"minecraft:crafting_table":9,"betternether:blue_crying_obsidian":1,"minecraft:gold_block":1,"minecraft:oak_trapdoor":6,"minecraft:beef":30,"create:basin":2,"minecraft:poppy":8,"minecraft:sugar_cane":27,"minecraft:chest":2,"minecraft:birch_sapling":6,"minecraft:raw_iron":104,"minecraft:copper_ingot":14,"create:hand_crank":8,"minecraft:carrot":6,"minecraft:redstone":65,"create:brass_casing":12,"create:vertical_gearbox":9,"create:zinc_ingot":3,"minecraft:arrow":4,"minecraft:hay_block":13,"create:depot":2,"minecraft:mutton":7,"minecraft:white_wool":9,"minecraft:leather":13,"minecraft:yellow_dye":20,"minecraft:birch_planks":14,"minecraft:oak_log":72,"create:andesite_alloy":71,"minecraft:gunpowder":11,"minecraft:iron_ingot":89,"minecraft:oak_fence_gate":6,"betternether:barrel_cactus":2,"minecraft:acacia_sapling":9,"create:large_water_wheel":5,"minecraft:smooth_basalt":12,"minecraft:quartz":49,"minecraft:gravel":101,"minecraft:amethyst_shard":8,"minecraft:white_bed":1,"travelersbackpack:standard":1,"create:millstone":2,"minecraft:acacia_slab":2,"minecraft:melon_seeds":42,"minecraft:coal":229,"minecraft:hopper":6},"minecraft:killed_by":{"minecraft:iron_golem":2,"minecraft:skeleton":1},"minecraft:crafted":{"minecraft:oak_planks":284,"minecraft:barrel":10,"minecraft:lightning_rod":1,"minecraft:lever":2,"minecraft:cooked_mutton":5,"minecraft:suspicious_stew":5,"minecraft:hopper":7,"minecraft:glass":73,"minecraft:diamond_helmet":2,"minecraft:diamond_leggings":2,"minecraft:iron_boots":1,"create:mechanical_press":1,"minecraft:melon_seeds":10,"minecraft:chest":19,"minecraft:birch_door":27,"create:cogwheel":11,"minecraft:oak_fence":3,"minecraft:oak_slab":24,"create:depot":1,"travelersbackpack:iron_tier_upgrade":2,"minecraft:emerald":338,"minecraft:cooked_porkchop":1,"minecraft:crafting_table":11,"minecraft:acacia_slab":12,"travelersbackpack:standard":6,"minecraft:iron_helmet":1,"minecraft:wooden_pickaxe":1,"minecraft:red_wool":4,"minecraft:copper_ingot":40,"minecraft:birch_planks":364,"minecraft:campfire":2,"create:mechanical_mixer":1,"minecraft:diorite":16,"travelersbackpack:red_sleeping_bag":2,"minecraft:iron_chestplate":1,"minecraft:diamond_pickaxe":1,"create:water_wheel":6,"minecraft:shield":1,"minecraft:stick":76,"minecraft:iron_ingot":84,"minecraft:iron_pickaxe":3,"minecraft:iron_block":1,"minecraft:gold_ingot":31,"create:large_cogwheel":4,"minecraft:composter":1,"minecraft:shears":1,"create:empty_blaze_burner":2,"minecraft:golden_carrot":36,"minecraft:stone_shovel":2,"minecraft:tripwire_hook":4,"minecraft:iron_nugget":108,"expandeddelight:cheese_wheel":38,"minecraft:furnace":4,"travelersbackpack:blank_upgrade":4,"travelersbackpack:gold_tier_upgrade":2,"minecraft:oak_trapdoor":6,"minecraft:flint_and_steel":1,"minecraft:iron_axe":11,"minecraft:ladder":3,"minecraft:iron_hoe":2,"create:fluid_tank":1,"minecraft:stone_pickaxe":2,"minecraft:diamond_boots":2,"create:basin":1,"create:electron_tube":7,"betternether:cincinnasite_block":1,"minecraft:wheat":90,"betternether:cincinnasite_forged":1,"minecraft:cooked_beef":19,"minecraft:red_dye":4,"create:andesite_alloy":26,"create:hand_crank":1,"travelersbackpack:backpack_tank":6,"minecraft:dried_kelp":64,"minecraft:iron_sword":2,"create:large_water_wheel":3,"minecraft:bucket":2,"minecraft:stone_axe":1,"minecraft:air":0,"minecraft:oak_fence_gate":9,"create:whisk":1,"minecraft:white_wool":1,"create:mechanical_crafter":21,"minecraft:birch_trapdoor":2,"minecraft:wooden_axe":1,"minecraft:iron_shovel":2,"minecraft:iron_leggings":1,"minecraft:white_bed":1,"create:shaft":32,"minecraft:andesite":32,"minecraft:acacia_planks":148,"minecraft:torch":132,"create:zinc_ingot":29,"minecraft:diamond_chestplate":2},"minecraft:used":{"minecraft:iron_shovel":399,"minecraft:poppy":7,"minecraft:ladder":3,"minecraft:shield":26,"minecraft:chest":10,"minecraft:iron_sword":242,"create:fluid_tank":1,"expandeddelight:peanut":9,"create:white_sail":5,"create:cogwheel":37,"create:mechanical_crafter":48,"minecraft:carrot":6,"minecraft:acacia_sapling":5,"create:depot":2,"minecraft:tuff":10,"minecraft:obsidian":6,"minecraft:glass":37,"minecraft:lava_bucket":10,"minecraft:birch_sapling":6,"create:millstone":1,"minecraft:birch_trapdoor":2,"create:shaft":6,"minecraft:oak_sapling":33,"minecraft:furnace":22,"minecraft:stone_pickaxe":149,"minecraft:oak_planks":88,"minecraft:wooden_pickaxe":14,"minecraft:composter":4,"minecraft:sugar_cane":15,"minecraft:sand":4,"minecraft:shears":4,"minecraft:lightning_rod":1,"minecraft:lever":2,"minecraft:melon_slice":2,"minecraft:string":14,"create:andesite_casing":3,"create:basin":3,"minecraft:smithing_table":1,"minecraft:birch_log":4,"create:vertical_gearbox":8,"minecraft:bone_meal":4,"create:large_cogwheel":7,"minecraft:oak_trapdoor":9,"minecraft:oak_fence":3,"minecraft:rose_bush":1,"minecraft:acacia_log":12,"minecraft:flint_and_steel":2,"minecraft:stone_shovel":156,"minecraft:netherrack":97,"minecraft:torch":135,"minecraft:brewing_stand":1,"minecraft:dirt":321,"create:mechanical_mixer":3,"minecraft:hopper":13,"minecraft:oak_fence_gate":15,"minecraft:birch_door":26,"minecraft:iron_hoe":450,"minecraft:wooden_axe":42,"minecraft:iron_axe":338,"minecraft:acacia_slab":2,"minecraft:barrel":34,"minecraft:melon_seeds":34,"minecraft:smooth_basalt":6,"minecraft:tripwire_hook":5,"minecraft:golden_carrot":9,"minecraft:cooked_beef":14,"minecraft:acacia_planks":16,"minecraft:cobbled_deepslate":36,"minecraft:wheat_seeds":260,"minecraft:cooked_mutton":5,"minecraft:water_bucket":114,"minecraft:birch_planks":3,"create:empty_blaze_burner":2,"create:blaze_burner":2,"betternether:blue_obsidian":6,"minecraft:oak_slab":2,"minecraft:crafting_table":13,"minecraft:campfire":2,"minecraft:white_bed":2,"minecraft:oak_log":1,"expandeddelight:cheese_wheel":17,"minecraft:diamond_pickaxe":455,"create:mechanical_press":2,"minecraft:iron_pickaxe":759,"minecraft:suspicious_stew":5,"create:water_wheel":13,"create:large_water_wheel":8,"minecraft:stone_axe":125,"minecraft:cobblestone":265,"travelersbackpack:standard":21,"minecraft:cooked_porkchop":2,"minecraft:bucket":129,"create:hand_crank":9},"minecraft:dropped":{"minecraft:porkchop":7,"minecraft:lapis_lazuli":62,"minecraft:cooked_beef":5,"create:cogwheel":3,"travelersbackpack:standard":2,"minecraft:gold_block":1,"minecraft:dirt":28,"betternether:blue_crying_obsidian":1,"minecraft:yellow_dye":20,"minecraft:mutton":2,"minecraft:gold_nugget":8,"create:iron_sheet":1,"create:large_cogwheel":1,"minecraft:white_wool":1,"minecraft:gold_ingot":9,"minecraft:gravel":96,"minecraft:sugar_cane":4,"minecraft:iron_nugget":22,"minecraft:cobbled_deepslate":4,"minecraft:rotten_flesh":8,"minecraft:oak_planks":2,"minecraft:poppy":1,"minecraft:gunpowder":2,"minecraft:birch_door":4,"minecraft:acacia_sapling":3,"minecraft:chest":1,"create:brass_ingot":52,"minecraft:glass":1,"minecraft:beef":11,"minecraft:quartz":33,"minecraft:iron_ingot":17,"create:andesite_alloy":23,"minecraft:netherrack":1,"minecraft:oak_slab":2,"betternether:blue_obsidian":6,"minecraft:wheat_seeds":17,"create:polished_rose_quartz":13,"minecraft:diamond_leggings":1,"minecraft:oak_fence":3,"minecraft:cobblestone":115,"expandeddelight:cheese_wheel":19,"minecraft:copper_ingot":99,"minecraft:coal":2,"minecraft:stick":6,"minecraft:diorite":3,"minecraft:golden_carrot":18,"minecraft:diamond_helmet":1,"minecraft:dried_kelp":192,"minecraft:red_dye":56,"minecraft:string":4514,"minecraft:acacia_planks":13,"create:copper_casing":1,"create:raw_zinc":38,"minecraft:redstone":69,"create:shaft":6,"minecraft:raw_copper":133,"minecraft:tuff":2,"minecraft:raw_iron":11,"minecraft:stone_shovel":1,"minecraft:hay_block":3,"minecraft:diamond_chestplate":1,"create:zinc_ingot":71,"minecraft:andesite":7,"minecraft:oak_sapling":2,"minecraft:diamond_boots":1,"create:brass_casing":5,"minecraft:stone_pickaxe":1,"minecraft:raw_gold":37,"minecraft:magma_block":4},"minecraft:killed":{"betternether:skull":2,"minecraft:spider":5,"betternether:firefly":2,"minecraft:skeleton":8,"minecraft:pig":4,"minecraft:iron_golem":8,"minecraft:creeper":3,"minecraft:sheep":5,"minecraft:zombie":17,"minecraft:blaze":1,"minecraft:cow":15,"minecraft:drowned":1,"betternether:naga":1},"minecraft:mined":{"minecraft:large_amethyst_bud":1,"create:deepslate_zinc_ore":25,"minecraft:white_bed":1,"minecraft:attached_melon_stem":1,"create:copper_casing":1,"minecraft:farmland":46,"create:andesite_casing":7,"minecraft:brewing_stand":1,"minecraft:obsidian":10,"minecraft:granite":24,"minecraft:budding_amethyst":2,"minecraft:acacia_log":53,"minecraft:grass_block":223,"betternether:blue_crying_obsidian":1,"minecraft:soul_soil":10,"minecraft:hopper":6,"minecraft:composter":3,"betternether:cincinnasite_ore":4,"minecraft:spawner":1,"minecraft:magma_block":5,"minecraft:cobbled_deepslate":1,"minecraft:barrel":24,"minecraft:iron_ore":68,"minecraft:deepslate_lapis_ore":7,"minecraft:dirt_path":1,"minecraft:small_amethyst_bud":1,"create:mechanical_press":2,"minecraft:tripwire":4,"minecraft:deepslate_redstone_ore":13,"create:cogwheel":19,"minecraft:melon_stem":18,"minecraft:medium_amethyst_bud":1,"minecraft:soul_fire":5,"minecraft:amethyst_cluster":2,"minecraft:torch":5,"minecraft:calcite":8,"minecraft:melon":11,"minecraft:chest":2,"create:brass_casing":12,"minecraft:nether_quartz_ore":51,"minecraft:glass":12,"minecraft:cobblestone":83,"minecraft:sugar_cane":18,"minecraft:oak_planks":29,"minecraft:wall_torch":2,"minecraft:amethyst_block":19,"create:large_water_wheel":4,"create:basin":2,"minecraft:birch_log":43,"minecraft:wheat":260,"create:mechanical_mixer":2,"betternether:geyser":1,"minecraft:birch_door":9,"minecraft:grass":175,"minecraft:oak_log":72,"minecraft:oak_fence_gate":7,"create:hand_crank":5,"minecraft:sand":183,"minecraft:dirt":94,"minecraft:smooth_basalt":6,"minecraft:tripwire_hook":1,"minecraft:netherrack":142,"minecraft:oak_leaves":2,"minecraft:deepslate":36,"expandeddelight:peanut_crop":1,"minecraft:nether_gold_ore":2,"create:zinc_ore":37,"minecraft:tuff":13,"create:millstone":2,"minecraft:mossy_cobblestone":1,"minecraft:deepslate_diamond_ore":2,"farmersdelight:wild_carrots":5,"expandeddelight:wild_peanuts":5,"create:large_cogwheel":2,"create:depot":2,"minecraft:acacia_slab":2,"minecraft:hay_block":13,"minecraft:redstone_ore":2,"create:shaft":8,"minecraft:oak_trapdoor":6,"minecraft:furnace":17,"create:white_sail":5,"minecraft:andesite":26,"expandeddelight:salt_ore":5,"minecraft:gold_block":1,"minecraft:deepslate_iron_ore":26,"betternether:nether_lapis_ore":3,"minecraft:stone":365,"minecraft:smithing_table":1,"minecraft:crafting_table":9,"minecraft:rose_bush":3,"minecraft:campfire":2,"create:water_wheel":18,"minecraft:copper_ore":24,"minecraft:tall_grass":13,"minecraft:lapis_ore":2,"minecraft:deepslate_gold_ore":41,"minecraft:diorite":37,"create:water_wheel_structure":1,"minecraft:birch_planks":1,"create:gearbox":9,"betternether:blue_obsidian":7,"minecraft:birch_leaves":4,"minecraft:coal_ore":111,"create:mechanical_crafter":27,"minecraft:gravel":41,"minecraft:acacia_planks":12,"minecraft:gold_ore":4,"betternether:barrel_cactus":1},"minecraft:custom":{"minecraft:interact_with_crafting_table":73,"minecraft:open_barrel":20,"minecraft:leave_game":4,"minecraft:time_since_death":245013,"minecraft:sprint_one_cm":501354,"minecraft:damage_blocked_by_shield":1095,"minecraft:drop":214,"minecraft:talked_to_villager":108,"minecraft:play_time":356452,"minecraft:deaths":3,"minecraft:jump":4557,"minecraft:walk_on_water_one_cm":90081,"minecraft:interact_with_furnace":114,"minecraft:traded_with_villager":395,"minecraft:sleep_in_bed":23,"minecraft:damage_dealt":17676,"minecraft:crouch_one_cm":38275,"minecraft:interact_with_smithing_table":3,"minecraft:mob_kills":74,"minecraft:inspect_hopper":15,"minecraft:climb_one_cm":2372,"minecraft:walk_one_cm":793135,"minecraft:sneak_time":13452,"minecraft:walk_under_water_one_cm":43066,"minecraft:interact_with_blast_furnace":7,"minecraft:total_world_time":356452,"minecraft:time_since_rest":12913,"minecraft:damage_taken":3137,"minecraft:swim_one_cm":166205,"minecraft:fly_one_cm":692292,"minecraft:open_chest":217,"minecraft:fall_one_cm":100950}},"DataVersion":3465}