{"stats":{"minecraft:used":{"minecraft:stone_axe":5,"minecraft:dirt":3,"minecraft:stone_sword":6,"minecraft:crafting_table":1,"bunker_down:brittle_pickaxe":6,"minecraft:potato":7,"minecraft:light_gray_bed":1},"minecraft:custom":{"minecraft:time_since_rest":736,"minecraft:open_chest":1,"minecraft:crouch_one_cm":326,"minecraft:play_time":15328,"minecraft:sprint_one_cm":8615,"minecraft:deaths":4,"minecraft:damage_taken":1085,"minecraft:walk_one_cm":17980,"minecraft:sneak_time":400,"minecraft:walk_under_water_one_cm":8613,"minecraft:mob_kills":2,"minecraft:jump":94,"minecraft:damage_dealt":523,"minecraft:time_since_death":708,"minecraft:walk_on_water_one_cm":10818,"minecraft:total_world_time":15328,"minecraft:climb_one_cm":3521,"minecraft:fall_one_cm":1163,"minecraft:swim_one_cm":8956,"minecraft:interact_with_crafting_table":1,"minecraft:fly_one_cm":38051},"minecraft:crafted":{"minecraft:birch_planks":20,"minecraft:stone_axe":1,"minecraft:stick":8,"minecraft:stone_sword":1},"minecraft:mined":{"minecraft:dirt":3,"minecraft:light_gray_bed":2,"minecraft:birch_log":6,"minecraft:cobblestone":5,"minecraft:birch_leaves":2,"minecraft:crafting_table":1},"minecraft:killed":{"minecraft:drowned":2},"minecraft:picked_up":{"minecraft:birch_log":5,"minecraft:crafting_table":1,"minecraft:light_gray_bed":2,"hunting_delight:broken_bone":12,"minecraft:dirt":3,"minecraft:cobblestone":5},"minecraft:killed_by":{"minecraft:skeleton":1,"minecraft:drowned":2}},"DataVersion":3120}