{"stats":{"minecraft:broken":{"minecraft:iron_shovel":2,"minecraft:stone_pickaxe":5,"minecraft:stone_axe":3,"minecraft:stone_shovel":3,"minecraft:stone_sword":1,"minecraft:iron_pickaxe":2,"create:sand_paper":2},"minecraft:picked_up":{"minecraft:wheat":65,"create:mechanical_crafter":2,"create:wrench":1,"minecraft:brewing_stand":2,"minecraft:string":3077,"minecraft:raw_copper":282,"betternether:blue_obsidian":6,"create:water_wheel":9,"minecraft:diamond_leggings":1,"create:mechanical_press":4,"minecraft:gold_nugget":8,"minecraft:cobbled_deepslate":103,"minecraft:red_dye":28,"minecraft:furnace":1,"minecraft:stick":30,"minecraft:oak_fence":1,"minecraft:torch":2,"minecraft:acacia_log":131,"create:andesite_casing":16,"minecraft:porkchop":17,"minecraft:dried_kelp":128,"minecraft:pointed_dripstone":25,"minecraft:diorite":31,"minecraft:cauldron":3,"create:large_cogwheel":4,"minecraft:orange_bed":5,"minecraft:rotten_flesh":11,"create:copper_casing":1,"betternether:oak_taburet":1,"minecraft:cobblestone":521,"minecraft:birch_log":62,"minecraft:magma_block":4,"minecraft:andesite":192,"minecraft:brown_wool":1,"minecraft:tuff":13,"create:raw_zinc":77,"minecraft:dirt":1071,"minecraft:lapis_lazuli":123,"minecraft:glass":1,"minecraft:bone":6,"minecraft:acacia_planks":54,"minecraft:wheat_seeds":65,"minecraft:raw_gold":90,"minecraft:bell":1,"minecraft:grindstone":1,"create:shaft":21,"minecraft:diamond_helmet":1,"minecraft:oak_planks":6,"create:cogwheel":10,"minecraft:sand":3,"minecraft:barrel":15,"minecraft:diamond":6,"minecraft:granite":48,"minecraft:bread":6,"minecraft:oak_sapling":19,"create:white_sail":2,"minecraft:crafting_table":13,"minecraft:chicken":1,"betternether:blue_crying_obsidian":1,"minecraft:gold_block":1,"minecraft:red_bed":3,"minecraft:beef":72,"minecraft:iron_nugget":22,"minecraft:poppy":66,"minecraft:lectern":2,"minecraft:sugar_cane":12,"minecraft:chest":7,"minecraft:birch_sapling":21,"minecraft:egg":2,"create:polished_rose_quartz":14,"minecraft:raw_iron":170,"minecraft:copper_ingot":36,"create:windmill_bearing":4,"create:hand_crank":6,"minecraft:carrot":1,"minecraft:redstone":166,"create:brass_casing":5,"create:zinc_ingot":25,"minecraft:arrow":6,"minecraft:diamond_chestplate":1,"minecraft:diamond_boots":1,"minecraft:hay_block":85,"create:depot":4,"minecraft:gold_ingot":9,"minecraft:mutton":10,"minecraft:white_wool":22,"minecraft:rail":2,"minecraft:stripped_oak_log":2,"minecraft:golden_carrot":18,"minecraft:leather":32,"minecraft:yellow_dye":10,"minecraft:birch_planks":2,"minecraft:oak_log":21,"create:andesite_alloy":149,"minecraft:gunpowder":9,"minecraft:kelp":339,"minecraft:iron_ingot":60,"minecraft:acacia_sapling":38,"minecraft:oak_slab":4,"create:mechanical_bearing":2,"minecraft:dandelion":10,"minecraft:quartz":33,"expandeddelight:cheese_wheel":19,"minecraft:gravel":48,"minecraft:blast_furnace":1,"minecraft:white_bed":2,"create:gearbox":4,"travelersbackpack:standard":2,"create:millstone":3,"create:brass_ingot":52,"minecraft:coal":131},"minecraft:killed_by":{"minecraft:zombie":1,"minecraft:skeleton":1},"minecraft:crafted":{"minecraft:oak_planks":48,"minecraft:barrel":1,"minecraft:birch_slab":24,"create:mechanical_bearing":4,"create:vertical_gearbox":4,"minecraft:glass":36,"minecraft:chest":2,"create:cogwheel":33,"create:depot":1,"create:rose_quartz":20,"minecraft:emerald":485,"minecraft:cauldron":2,"minecraft:diamond_axe":1,"minecraft:crafting_table":3,"minecraft:acacia_slab":126,"minecraft:wooden_pickaxe":1,"minecraft:iron_helmet":9,"minecraft:chainmail_chestplate":12,"create:sand_paper":3,"minecraft:birch_planks":40,"create:gearbox":5,"minecraft:paper":3,"create:super_glue":1,"minecraft:stick":240,"minecraft:iron_ingot":131,"minecraft:iron_pickaxe":3,"minecraft:stone_sword":2,"minecraft:acacia_door":3,"minecraft:gold_ingot":8,"create:large_cogwheel":9,"create:propeller":6,"minecraft:shears":1,"minecraft:stone_shovel":13,"create:wrench":1,"minecraft:iron_nugget":198,"create:white_sail":104,"minecraft:furnace":2,"minecraft:bone_meal":33,"minecraft:slime_ball":2,"create:millstone":1,"minecraft:lime_dye":2,"minecraft:stone_pickaxe":7,"create:electron_tube":1,"create:belt_connector":10,"create:windmill_bearing":3,"minecraft:wheat":576,"create:andesite_alloy":110,"minecraft:dried_kelp":60,"minecraft:bell":12,"create:dough":2,"minecraft:acacia_trapdoor":4,"create:goggles":2,"minecraft:bucket":1,"minecraft:stone_axe":4,"minecraft:bread":128,"minecraft:air":0,"minecraft:white_wool":294,"minecraft:white_dye":33,"betterend:iron_hammer":1,"betternether:oak_taburet":1,"create:mechanical_crafter":3,"minecraft:iron_shovel":2,"minecraft:iron_leggings":1,"minecraft:white_bed":6,"create:shaft":72,"minecraft:andesite":94,"minecraft:acacia_planks":456,"minecraft:torch":24},"minecraft:dropped":{"minecraft:cooked_beef":5,"minecraft:diamond":3,"create:cogwheel":2,"travelersbackpack:standard":1,"create:goggles":1,"minecraft:white_wool":5,"minecraft:cobbled_deepslate":18,"minecraft:birch_sapling":1,"minecraft:wheat":129,"minecraft:rotten_flesh":3,"minecraft:poppy":72,"minecraft:gunpowder":1,"create:wrench":1,"minecraft:acacia_sapling":2,"minecraft:glass":64,"create:andesite_alloy":23,"minecraft:iron_ingot":54,"minecraft:bread":44,"minecraft:wheat_seeds":25,"minecraft:cobblestone":100,"minecraft:copper_ingot":35,"minecraft:stick":27,"minecraft:string":4,"minecraft:acacia_planks":4,"minecraft:dandelion":15,"minecraft:smooth_basalt":6,"minecraft:tuff":1,"create:zinc_ingot":32,"minecraft:wooden_pickaxe":1},"minecraft:used":{"minecraft:iron_shovel":508,"minecraft:poppy":6,"minecraft:chest":9,"minecraft:bell":1,"create:mechanical_bearing":2,"minecraft:mutton":8,"create:white_sail":136,"create:cogwheel":24,"create:mechanical_crafter":30,"minecraft:acacia_sapling":36,"create:depot":7,"minecraft:tuff":11,"minecraft:lava_bucket":4,"minecraft:iron_helmet":1,"create:millstone":4,"create:shaft":31,"minecraft:furnace":2,"minecraft:diorite":17,"minecraft:stone_pickaxe":835,"minecraft:oak_planks":2,"minecraft:wooden_pickaxe":3,"minecraft:diamond_axe":2,"minecraft:sugar_cane":5,"minecraft:white_wool":8,"minecraft:blast_furnace":1,"minecraft:shears":8,"minecraft:acacia_door":2,"minecraft:bread":46,"minecraft:string":2,"minecraft:grindstone":1,"create:vertical_gearbox":4,"create:large_cogwheel":5,"minecraft:oak_fence":1,"minecraft:stone_sword":105,"minecraft:acacia_log":7,"minecraft:stone_shovel":404,"minecraft:orange_bed":5,"minecraft:torch":30,"minecraft:dirt":301,"minecraft:granite":56,"create:wrench":300,"create:gearbox":6,"minecraft:iron_axe":157,"minecraft:acacia_slab":2,"minecraft:barrel":12,"minecraft:golden_carrot":9,"minecraft:cooked_beef":5,"minecraft:acacia_planks":55,"minecraft:pointed_dripstone":3,"minecraft:iron_leggings":1,"minecraft:water_bucket":7,"betternether:oak_taburet":1,"minecraft:birch_planks":4,"minecraft:cauldron":4,"minecraft:leather_boots":1,"minecraft:rail":2,"minecraft:crafting_table":14,"minecraft:red_bed":3,"minecraft:white_bed":8,"minecraft:oak_log":9,"create:mechanical_press":5,"create:windmill_bearing":7,"minecraft:iron_pickaxe":596,"create:water_wheel":14,"minecraft:stone_axe":335,"minecraft:cobblestone":116,"travelersbackpack:standard":35,"minecraft:porkchop":1,"minecraft:bucket":15,"create:hand_crank":6,"minecraft:stripped_oak_log":2},"minecraft:killed":{"minecraft:spider":3,"minecraft:skeleton":7,"minecraft:chicken":1,"minecraft:pig":5,"minecraft:iron_golem":9,"minecraft:creeper":6,"minecraft:sheep":5,"minecraft:zombie":12,"minecraft:cow":30,"minecraft:drowned":1},"minecraft:mined":{"create:deepslate_zinc_ore":4,"minecraft:white_bed":2,"create:andesite_casing":16,"minecraft:brewing_stand":2,"minecraft:granite":45,"minecraft:acacia_log":131,"minecraft:grass_block":441,"minecraft:spawner":1,"minecraft:tall_seagrass":4,"minecraft:iron_ore":122,"minecraft:barrel":15,"minecraft:deepslate_lapis_ore":7,"minecraft:pointed_dripstone":12,"minecraft:water_cauldron":2,"create:mechanical_press":4,"minecraft:tripwire":2,"minecraft:orange_bed":5,"minecraft:deepslate_redstone_ore":9,"create:cogwheel":6,"minecraft:red_bed":3,"minecraft:kelp_plant":39,"betternether:oak_taburet":1,"minecraft:torch":1,"minecraft:blast_furnace":1,"minecraft:poppy":23,"minecraft:chest":6,"minecraft:cobblestone":16,"minecraft:grindstone":1,"minecraft:sugar_cane":3,"minecraft:wall_torch":1,"minecraft:cauldron":1,"minecraft:birch_log":62,"minecraft:grass":244,"minecraft:oak_log":21,"create:hand_crank":1,"minecraft:sand":3,"minecraft:dirt":618,"minecraft:oak_leaves":2,"minecraft:deepslate":97,"create:zinc_ore":35,"minecraft:tuff":12,"create:millstone":3,"minecraft:deepslate_diamond_ore":6,"create:large_cogwheel":3,"create:depot":4,"minecraft:kelp":4,"minecraft:hay_block":82,"minecraft:redstone_ore":12,"create:shaft":14,"minecraft:furnace":1,"create:white_sail":2,"minecraft:andesite":193,"create:windmill_bearing":4,"minecraft:bell":1,"minecraft:deepslate_iron_ore":39,"minecraft:stripped_oak_log":2,"minecraft:stone":506,"minecraft:white_wool":8,"minecraft:oak_slab":2,"minecraft:dandelion":5,"minecraft:crafting_table":13,"minecraft:lectern":2,"create:water_wheel":9,"minecraft:copper_ore":39,"minecraft:tall_grass":6,"minecraft:lapis_ore":2,"minecraft:deepslate_gold_ore":41,"minecraft:diorite":31,"minecraft:birch_planks":2,"create:gearbox":4,"minecraft:mangrove_leaves":5,"minecraft:coal_ore":111,"create:mechanical_bearing":2,"create:mechanical_crafter":2,"minecraft:cobweb":27,"minecraft:acacia_planks":23,"minecraft:gold_ore":13},"minecraft:custom":{"minecraft:interact_with_crafting_table":64,"minecraft:open_barrel":26,"minecraft:bell_ring":5,"minecraft:leave_game":4,"minecraft:time_since_death":346324,"minecraft:sprint_one_cm":685626,"minecraft:drop":120,"minecraft:talked_to_villager":163,"minecraft:play_time":353126,"minecraft:deaths":2,"minecraft:jump":5480,"minecraft:walk_on_water_one_cm":42528,"minecraft:interact_with_furnace":52,"minecraft:traded_with_villager":530,"minecraft:sleep_in_bed":22,"minecraft:damage_dealt":18786,"minecraft:crouch_one_cm":126014,"minecraft:interact_with_smithing_table":2,"minecraft:mob_kills":79,"minecraft:climb_one_cm":811,"minecraft:walk_one_cm":717657,"minecraft:sneak_time":41509,"minecraft:walk_under_water_one_cm":31702,"minecraft:interact_with_blast_furnace":1,"minecraft:total_world_time":353126,"minecraft:interact_with_grindstone":1,"minecraft:time_since_rest":12712,"minecraft:damage_taken":2637,"minecraft:swim_one_cm":83865,"minecraft:fly_one_cm":1015990,"minecraft:open_chest":355,"minecraft:fall_one_cm":148986}},"DataVersion":3465}