{"stats":{"minecraft:used":{"projectarsenal:golden_hawk":5,"minecraft:sand":7,"minecraft:birch_planks":4},"minecraft:custom":{"minecraft:time_since_rest":13801,"minecraft:crouch_one_cm":1812,"minecraft:sprint_one_cm":3095,"minecraft:play_time":19479,"minecraft:deaths":2,"minecraft:damage_taken":770,"minecraft:walk_one_cm":10886,"minecraft:sneak_time":1263,"minecraft:walk_under_water_one_cm":1822,"minecraft:drop":34,"minecraft:jump":109,"minecraft:leave_game":1,"minecraft:walk_on_water_one_cm":1331,"minecraft:time_since_death":13774,"minecraft:total_world_time":19479,"minecraft:fall_one_cm":476,"minecraft:fly_one_cm":107696},"minecraft:dropped":{"hunting_delight:broken_bone":26,"minecraft:spider_eye":1,"minecraft:sand":1,"minecraft:gunpowder":2,"hunting_delight:humanmeat":2,"minecraft:bone":1,"minecraft:ladder":1},"minecraft:crafted":{"minecraft:birch_planks":8},"minecraft:mined":{"minecraft:birch_log":2,"minecraft:birch_leaves":5},"minecraft:picked_up":{"minecraft:birch_log":2,"minecraft:bone":1,"minecraft:ladder":1,"minecraft:rotten_flesh":2,"hunting_delight:humanmeat":2,"minecraft:sand":1,"hunting_delight:broken_bone":35,"minecraft:shield":2,"minecraft:gunpowder":2,"minecraft:spider_eye":1,"minecraft:string":1},"minecraft:killed_by":{"minecraft:zombie":1}},"DataVersion":3120}