{"stats":{"minecraft:dropped":{"minecraft:oak_log":1,"minecraft:oak_fence":8,"minecraft:golden_apple":2,"minecraft:birch_fence":7,"tconstruct:hand_axe":1,"minecraft:diorite":1,"gravestone:obituary":9,"minecraft:sand":2,"minecraft:bucket":1,"minecraft:bone":7,"tconstruct:pickaxe":1,"minecraft:bowl":4,"minecraft:rotten_flesh":1,"minecraft:oak_planks":1,"minecraft:spruce_fence":2,"minecraft:salmon":2,"minecraft:shield":2,"mysticalagriculture:inferium_essence":1,"minecraft:wooden_shovel":1,"minecraft:spruce_log":2},"minecraft:mined":{"minecraft:dark_oak_leaves":3,"minecraft:dark_oak_log":6,"minecraft:sea_lantern":3,"gravestone:gravestone":10,"minecraft:granite":40,"minecraft:grass_block":115,"minecraft:spruce_fence":3,"minecraft:spruce_leaves":7,"minecraft:white_concrete_powder":4,"minecraft:redstone_ore":10,"minecraft:snow":2,"minecraft:iron_ore":26,"minecraft:andesite":46,"minecraft:pumpkin":24,"minecraft:packed_ice":13,"minecraft:stone":72,"minecraft:spruce_slab":3,"minecraft:podzol":50,"minecraft:gray_terracotta":5,"minecraft:oak_slab":23,"minecraft:cyan_terracotta":8,"minecraft:oak_fence":9,"minecraft:clay":45,"minecraft:sponge":2,"minecraft:melon":30,"minecraft:chest":24,"minecraft:andesite_slab":2,"minecraft:cobblestone":1,"minecraft:lapis_ore":6,"minecraft:prismarine":33,"minecraft:diorite":44,"minecraft:blue_terracotta":7,"minecraft:dark_oak_slab":1,"minecraft:birch_log":21,"minecraft:ice":14,"minecraft:spruce_log":26,"minecraft:birch_leaves":2,"minecraft:grass":6,"quark:birch_chest":1,"minecraft:coal_ore":30,"minecraft:oak_log":56,"minecraft:gravel":40,"minecraft:dirt":44,"minecraft:gold_ore":1,"minecraft:oak_leaves":22,"minecraft:birch_fence":6},"minecraft:killed":{"minecraft:spider":5,"minecraft:squid":6,"minecraft:polar_bear":5,"minecraft:zombie":4,"minecraft:mooshroom":2,"minecraft:stray":4},"minecraft:used":{"minecraft:oak_fence":15,"quark:birch_chest":3,"minecraft:stone_shovel":38,"minecraft:spruce_slab":201,"minecraft:chest":17,"minecraft:shield":28,"minecraft:wooden_shovel":126,"minecraft:torch":27,"minecraft:dirt":71,"minecraft:spruce_fence":4,"minecraft:granite":3,"minecraft:oak_fence_gate":1,"minecraft:iron_axe":108,"oneblock:obanalyzer":2,"carryon:entity_item":38,"minecraft:dark_oak_slab":36,"minecraft:item_frame":8,"carryon:tile_item":11,"minecraft:furnace":1,"minecraft:oak_sapling":2,"minecraft:pumpkin":1,"minecraft:water_bucket":20,"minecraft:diorite":3,"minecraft:stone_pickaxe":172,"minecraft:andesite_slab":1,"minecraft:oak_slab":103,"minecraft:crafting_table":1,"minecraft:mushroom_stew":14,"minecraft:oak_log":2,"minecraft:gray_terracotta":1,"minecraft:apple":5,"minecraft:melon_slice":4,"minecraft:iron_pickaxe":248,"minecraft:spruce_sapling":1,"minecraft:gravel":1,"minecraft:stone_axe":226,"minecraft:cobblestone":7,"storagedrawers:oak_full_drawers_4":8,"minecraft:bucket":21,"minecraft:andesite":6,"quark:oak_chest":2,"minecraft:bone_meal":2},"minecraft:broken":{"minecraft:wooden_shovel":1,"minecraft:stone_pickaxe":1,"minecraft:stone_axe":2},"minecraft:killed_by":{"minecraft:creeper":2,"minecraft:polar_bear":2,"minecraft:elder_guardian":4},"minecraft:custom":{"minecraft:mob_kills":30,"minecraft:interact_with_crafting_table":37,"minecraft:leave_game":1,"minecraft:time_since_death":20769,"minecraft:sprint_one_cm":69793,"minecraft:walk_one_cm":244366,"minecraft:damage_blocked_by_shield":1603,"minecraft:drop":41,"minecraft:damage_dealt_absorbed":371,"minecraft:deaths":9,"minecraft:sneak_time":31846,"minecraft:walk_under_water_one_cm":275,"minecraft:jump":944,"minecraft:walk_on_water_one_cm":8967,"minecraft:interact_with_furnace":13,"minecraft:play_one_minute":133556,"minecraft:time_since_rest":20798,"minecraft:damage_taken":4232,"minecraft:damage_dealt":5660,"minecraft:fly_one_cm":146982,"minecraft:open_chest":503,"minecraft:crouch_one_cm":67864,"minecraft:fall_one_cm":104682},"minecraft:picked_up":{"minecraft:wooden_axe":4,"minecraft:fishing_rod":3,"ars_nouveau:caster_tome":2,"minecraft:crafting_table":1,"minecraft:wheat":38,"minecraft:chicken":1,"minecraft:clay_ball":315,"tconstruct:materials_and_you":2,"minecraft:wooden_pickaxe":2,"ars_nouveau:pierce_arrow":51,"silentgear:shield_blueprint":1,"silentgear:pickaxe_blueprint":1,"minecraft:potion":4,"minecraft:enchanted_book":2,"silentgems:benitoite":4,"silentgems:malachite":5,"gravestone:obituary":2,"ars_nouveau:amplify_arrow":49,"minecraft:music_disc_cat":2,"minecraft:string":44,"silentgems:sapphire":5,"minecraft:item_frame":1,"tconstruct:hand_axe":1,"ars_nouveau:mana_gem":2,"minecraft:birch_fence":7,"silentgems:agate":4,"mysticalagriculture:inferium_essence":10,"minecraft:gold_nugget":11,"minecraft:detector_rail":3,"minecraft:bucket":2,"minecraft:spruce_planks":1,"minecraft:beef":11,"minecraft:spruce_slab":4,"minecraft:melon_slice":141,"minecraft:chest":31,"farmersdelight:cabbage_seeds":22,"minecraft:egg":3,"minecraft:golden_helmet":1,"minecraft:tipped_arrow":6,"silentgems:soul_gem":2,"minecraft:stick":70,"botania:lexicon":12,"silentgems:onyx":4,"minecraft:oak_fence":11,"tconstruct:pickaxe":5,"minecraft:torch":27,"minecraft:acacia_log":3,"minecraft:spruce_fence":3,"tconstruct:earth_slime_grass_seeds":2,"farmersdelight:tomato_seeds":17,"silentgems:iolite":9,"ars_nouveau:split_arrow":29,"silentgems:aquamarine":7,"quark:birch_chest":1,"minecraft:diorite":76,"minecraft:redstone":71,"minecraft:prismarine_crystals":8,"minecraft:iron_horse_armor":1,"ars_nouveau:wixie_shards":1,"botania:black_lotus":6,"quark:ancient_tome":2,"botania:manasteel_ingot":8,"minecraft:arrow":12,"minecraft:rotten_flesh":34,"oneblock:obmaker":2,"minecraft:beetroot_seeds":13,"silentgear:axe_blueprint":1,"minecraft:cyan_terracotta":8,"silentgear:shovel_blueprint":2,"farmersdelight:rope":87,"silentgems:lepidolite":4,"minecraft:saddle":1,"minecraft:gold_ingot":10,"minecraft:snowball":2,"minecraft:cod":2,"silentgems:corrupting_powder":5,"minecraft:mutton":2,"silentgems:ender_crystal":6,"ars_nouveau:drygmy_shard":1,"minecraft:rail":26,"ars_nouveau:carbuncle_shards":3,"silentgear:knife_blueprint":2,"minecraft:cobblestone":108,"minecraft:sponge":2,"minecraft:birch_log":31,"oneblock:obanalyzer":3,"silentgear:machete_blueprint":1,"minecraft:feather":3,"farmersdelight:rice":9,"silentgems:ametrine":4,"minecraft:water_bucket":1,"minecraft:andesite":63,"minecraft:jungle_log":2,"minecraft:salmon":11,"minecraft:leather":3,"minecraft:birch_planks":9,"silentgems:garnet":7,"ars_nouveau:wilden_wing":3,"minecraft:flint":8,"minecraft:oak_log":65,"astralsorcery:aquamarine":9,"minecraft:gunpowder":37,"botania:pebble":4,"minecraft:lapis_lazuli":76,"minecraft:dirt":349,"silentgems:opal":5,"minecraft:name_tag":1,"quark:blank_rune":1,"silentgems:tanzanite":3,"minecraft:bone":45,"minecraft:apple":24,"minecraft:gray_terracotta":11,"ftbquests:book":1,"tconstruct:sky_slime_grass_seeds":5,"minecraft:iron_ingot":14,"minecraft:iron_ore":37,"minecraft:powered_rail":1,"tconstruct:sky_slime_sapling":1,"minecraft:prismarine":42,"minecraft:oak_planks":73,"minecraft:oak_slab":87,"silentgems:purifying_powder":1,"silentgems:carnelian":6,"minecraft:dark_oak_slab":5,"minecraft:pumpkin":33,"minecraft:music_disc_13":2,"minecraft:gravel":76,"silentgems:phosphophyllite":8,"minecraft:sand":13,"minecraft:ink_sac":21,"minecraft:spruce_sapling":2,"ars_nouveau:wilden_horn":2,"minecraft:spruce_log":34,"minecraft:gold_ore":1,"quark:oak_chest":1,"minecraft:dark_oak_log":16,"minecraft:spider_eye":6,"ars_nouveau:wilden_spike":6,"minecraft:pumpkin_seeds":9,"minecraft:blue_terracotta":8,"minecraft:white_concrete_powder":14,"minecraft:diamond":2,"immersiveengineering:seed":1,"minecraft:stone_axe":2,"minecraft:granite":62,"minecraft:golden_apple":6,"minecraft:emerald":6,"minecraft:golden_horse_armor":1,"minecraft:bread":7,"silentgems:heliodor":3,"minecraft:oak_sapling":2,"minecraft:melon_seeds":8,"minecraft:coal":112,"minecraft:andesite_slab":2,"silentgear:rod_blueprint":1},"minecraft:crafted":{"minecraft:wooden_shovel":1,"minecraft:bucket":1,"minecraft:air":803,"minecraft:stick":4,"minecraft:iron_ingot":3}},"DataVersion":2586}