{"stats":{"minecraft:custom":{"minecraft:mob_kills":47,"minecraft:interact_with_crafting_table":25,"minecraft:open_barrel":20,"minecraft:bell_ring":5,"minecraft:leave_game":3,"minecraft:time_since_death":131061,"minecraft:sprint_one_cm":383298,"minecraft:walk_one_cm":364006,"minecraft:drop":84,"minecraft:talked_to_villager":151,"minecraft:play_time":137863,"minecraft:deaths":2,"minecraft:sneak_time":12343,"minecraft:walk_under_water_one_cm":16132,"minecraft:jump":2628,"minecraft:interact_with_blast_furnace":1,"minecraft:walk_on_water_one_cm":23687,"minecraft:total_world_time":137863,"minecraft:interact_with_furnace":17,"minecraft:traded_with_villager":515,"minecraft:sleep_in_bed":7,"minecraft:time_since_rest":2839,"minecraft:damage_taken":1146,"minecraft:damage_dealt":11206,"minecraft:swim_one_cm":45627,"minecraft:fly_one_cm":517672,"minecraft:open_chest":176,"minecraft:crouch_one_cm":50230,"minecraft:fall_one_cm":69785},"minecraft:mined":{"create:zinc_ore":7,"minecraft:white_bed":2,"create:millstone":2,"create:andesite_casing":9,"minecraft:brewing_stand":2,"minecraft:granite":20,"minecraft:acacia_log":47,"minecraft:grass_block":429,"create:large_cogwheel":2,"create:depot":1,"minecraft:kelp":4,"minecraft:hay_block":82,"minecraft:tall_seagrass":4,"create:shaft":5,"minecraft:furnace":1,"minecraft:iron_ore":25,"minecraft:barrel":15,"minecraft:andesite":103,"minecraft:bell":1,"minecraft:water_cauldron":2,"minecraft:stripped_oak_log":2,"minecraft:stone":127,"create:mechanical_press":1,"minecraft:orange_bed":5,"minecraft:tripwire":2,"minecraft:oak_slab":2,"create:cogwheel":3,"minecraft:red_bed":3,"minecraft:kelp_plant":39,"betternether:oak_taburet":1,"minecraft:crafting_table":6,"minecraft:blast_furnace":1,"minecraft:poppy":8,"minecraft:chest":5,"minecraft:lectern":2,"create:water_wheel":9,"minecraft:tall_grass":6,"minecraft:cobblestone":10,"minecraft:copper_ore":35,"minecraft:grindstone":1,"minecraft:sugar_cane":3,"minecraft:diorite":16,"minecraft:wall_torch":1,"minecraft:birch_planks":2,"minecraft:birch_log":62,"minecraft:grass":225,"minecraft:oak_log":21,"minecraft:coal_ore":41,"minecraft:dirt":399,"minecraft:acacia_planks":10,"minecraft:oak_leaves":2},"minecraft:crafted":{"minecraft:stone_shovel":13,"minecraft:barrel":1,"minecraft:iron_nugget":45,"minecraft:birch_slab":24,"minecraft:furnace":1,"create:millstone":1,"minecraft:stone_pickaxe":2,"create:cogwheel":16,"minecraft:wheat":576,"create:andesite_alloy":26,"minecraft:emerald":471,"minecraft:crafting_table":1,"minecraft:acacia_slab":126,"minecraft:wooden_pickaxe":1,"minecraft:iron_helmet":9,"minecraft:bell":12,"minecraft:chainmail_chestplate":12,"minecraft:bucket":1,"minecraft:birch_planks":40,"minecraft:stone_axe":3,"minecraft:bread":128,"minecraft:air":0,"create:gearbox":2,"minecraft:white_wool":32,"minecraft:stick":48,"betterend:iron_hammer":1,"betternether:oak_taburet":1,"minecraft:iron_ingot":3,"minecraft:iron_pickaxe":1,"minecraft:stone_sword":1,"minecraft:acacia_door":3,"minecraft:iron_shovel":2,"minecraft:iron_leggings":1,"create:large_cogwheel":9,"minecraft:white_bed":6,"create:shaft":72,"minecraft:acacia_planks":148,"minecraft:torch":24},"minecraft:used":{"minecraft:stone_sword":4,"minecraft:iron_shovel":426,"minecraft:stone_shovel":404,"minecraft:poppy":6,"minecraft:chest":5,"minecraft:bell":1,"minecraft:orange_bed":5,"minecraft:torch":8,"minecraft:dirt":72,"minecraft:mutton":8,"create:cogwheel":6,"create:depot":1,"minecraft:granite":20,"minecraft:acacia_slab":2,"minecraft:iron_helmet":1,"create:millstone":2,"minecraft:barrel":12,"create:shaft":5,"minecraft:furnace":1,"minecraft:cooked_beef":5,"minecraft:acacia_planks":13,"minecraft:iron_leggings":1,"minecraft:water_bucket":7,"minecraft:diorite":15,"betternether:oak_taburet":1,"minecraft:birch_planks":4,"minecraft:stone_pickaxe":225,"minecraft:wooden_pickaxe":3,"minecraft:sugar_cane":3,"minecraft:leather_boots":1,"minecraft:crafting_table":7,"minecraft:red_bed":3,"minecraft:blast_furnace":1,"minecraft:white_bed":8,"minecraft:oak_log":9,"create:mechanical_press":1,"minecraft:acacia_door":2,"minecraft:bread":13,"minecraft:string":2,"minecraft:iron_pickaxe":190,"create:water_wheel":14,"minecraft:stone_axe":316,"minecraft:cobblestone":21,"travelersbackpack:standard":4,"minecraft:grindstone":1,"minecraft:porkchop":1,"minecraft:bucket":9,"minecraft:stripped_oak_log":2,"create:large_cogwheel":2},"minecraft:picked_up":{"minecraft:crafting_table":6,"minecraft:brewing_stand":2,"minecraft:string":3048,"minecraft:red_bed":3,"minecraft:raw_copper":133,"create:water_wheel":9,"create:mechanical_press":1,"minecraft:cobbled_deepslate":1,"minecraft:beef":55,"minecraft:poppy":20,"minecraft:lectern":2,"minecraft:sugar_cane":12,"minecraft:chest":5,"minecraft:birch_sapling":21,"minecraft:egg":1,"minecraft:furnace":1,"minecraft:stick":19,"minecraft:raw_iron":25,"minecraft:acacia_log":47,"create:andesite_casing":9,"minecraft:porkchop":17,"minecraft:diorite":16,"minecraft:cauldron":2,"create:large_cogwheel":2,"minecraft:orange_bed":5,"minecraft:rotten_flesh":1,"minecraft:hay_block":85,"create:depot":1,"betternether:oak_taburet":1,"minecraft:mutton":10,"minecraft:cobblestone":138,"minecraft:white_wool":5,"minecraft:stripped_oak_log":2,"minecraft:birch_log":62,"minecraft:andesite":103,"minecraft:leather":23,"minecraft:birch_planks":2,"minecraft:tuff":1,"create:raw_zinc":7,"minecraft:oak_log":21,"minecraft:gunpowder":1,"minecraft:dirt":850,"minecraft:acacia_planks":10,"minecraft:kelp":339,"minecraft:wheat_seeds":61,"minecraft:bell":1,"minecraft:grindstone":1,"minecraft:iron_ingot":32,"create:shaft":5,"minecraft:oak_planks":2,"minecraft:acacia_sapling":19,"minecraft:oak_slab":4,"create:cogwheel":3,"minecraft:blast_furnace":1,"minecraft:white_bed":2,"minecraft:barrel":15,"travelersbackpack:standard":1,"create:millstone":2,"minecraft:granite":20,"minecraft:bread":6,"minecraft:oak_sapling":19,"minecraft:coal":61},"minecraft:dropped":{"minecraft:iron_ingot":11,"minecraft:bread":44,"minecraft:wheat_seeds":22,"minecraft:cooked_beef":5,"minecraft:cobblestone":100,"minecraft:stick":24,"minecraft:string":4,"minecraft:white_wool":5,"minecraft:smooth_basalt":6,"minecraft:cobbled_deepslate":18,"minecraft:tuff":1,"minecraft:birch_sapling":1,"minecraft:rotten_flesh":3,"minecraft:poppy":7,"minecraft:gunpowder":1,"minecraft:glass":64,"minecraft:wooden_pickaxe":1},"minecraft:killed":{"minecraft:spider":2,"minecraft:drowned":1,"minecraft:pig":5,"minecraft:iron_golem":6,"minecraft:creeper":2,"minecraft:sheep":5,"minecraft:zombie":4,"minecraft:cow":22},"minecraft:killed_by":{"minecraft:skeleton":1,"minecraft:zombie":1},"minecraft:broken":{"minecraft:iron_shovel":1,"minecraft:stone_pickaxe":1,"minecraft:stone_axe":3,"minecraft:stone_shovel":3}},"DataVersion":3465}