{"stats":{"minecraft:used":{"minecraft:birch_planks":8,"minecraft:bread":16,"minecraft:stone_pickaxe":7,"minecraft:wooden_pickaxe":4,"minecraft:shield":6,"minecraft:stone_axe":11,"projectarsenal:golden_hawk":5,"minecraft:wooden_sword":35,"minecraft:sand":7,"minecraft:crafting_table":3},"minecraft:custom":{"minecraft:time_since_rest":30357,"minecraft:sprint_one_cm":25481,"minecraft:damage_taken":1419,"minecraft:walk_one_cm":26371,"minecraft:damage_blocked_by_shield":795,"minecraft:mob_kills":9,"minecraft:drop":38,"minecraft:damage_dealt":1489,"minecraft:interact_with_crafting_table":5,"minecraft:swim_one_cm":42818,"minecraft:fly_one_cm":142438,"minecraft:crouch_one_cm":5421,"minecraft:play_time":36035,"minecraft:deaths":2,"minecraft:sneak_time":2455,"minecraft:walk_under_water_one_cm":16915,"minecraft:jump":326,"minecraft:leave_game":2,"minecraft:time_since_death":30330,"minecraft:walk_on_water_one_cm":10654,"minecraft:total_world_time":36035,"minecraft:fall_one_cm":4053},"minecraft:dropped":{"minecraft:bread":32,"minecraft:gunpowder":2,"hunting_delight:humanmeat":2,"minecraft:ladder":1,"hunting_delight:broken_bone":27,"minecraft:spider_eye":1,"minecraft:sand":1,"sophisticatedbackpacks:backpack":1,"minecraft:wooden_pickaxe":1,"minecraft:bone":1},"minecraft:crafted":{"minecraft:crafting_table":2,"minecraft:stick":8,"minecraft:birch_boat":1,"minecraft:wooden_pickaxe":1,"minecraft:stone_pickaxe":1,"minecraft:birch_planks":76,"minecraft:stone_axe":1},"minecraft:mined":{"minecraft:birch_log":10,"minecraft:birch_leaves":6,"minecraft:crafting_table":2,"minecraft:cobblestone":11},"minecraft:killed":{"minecraft:sheep":1,"minecraft:drowned":3,"minecraft:creeper":3},"minecraft:picked_up":{"minecraft:birch_log":27,"minecraft:stick":2,"minecraft:crafting_table":2,"minecraft:ladder":1,"hunting_delight:humanmeat":2,"minecraft:wooden_pickaxe":1,"minecraft:sand":1,"minecraft:shield":2,"minecraft:gunpowder":5,"minecraft:dirt":19,"minecraft:spider_eye":1,"minecraft:string":1,"hunting_delight:animal_fat":3,"minecraft:rotten_flesh":4,"minecraft:bone":1,"minecraft:arrow":1,"minecraft:kelp":3,"hunting_delight:broken_bone":66,"minecraft:golden_apple":16,"ava:beretta_92fs_barbatos":1,"minecraft:mutton":2,"minecraft:birch_sapling":1,"minecraft:white_wool":1,"minecraft:cobblestone":8},"minecraft:killed_by":{"minecraft:zombie":1}},"DataVersion":3120}